{
  "oof_aucs": [
    0.9599949890606725,
    0.9591624142376801,
    0.9620622253879959,
    0.9743505557009918,
    0.9597483878742815
  ],
  "mean_auc": 0.9630637144523243,
  "std_auc": 0.005727554014268574
}